id;email;address;contact_number;linkedin_profile;location;technology;ctc;overview;bond;minimum_criteria;type;no_of_openings
1;Augusta.Ryan@yahoo.com;bypass;31112;Home;Direct Handcrafted;value-added;Direct;Dollar solid human-resource;75857;Metal integrated;unleash withdrawal;11690
2;Constantin57@hotmail.com;Mouse Central Nepalese;26315;Pula District Shoes;auxiliary;program;Persistent Jamaican deposit;Rial;37249;ADP;Tuna revolutionary card;45020
3;Jennie93@hotmail.com;matrix Savings Rufiyaa;14336;California;SCSI Card;calculating green deposit;Global;deposit Mali;47300;value-added;Security Mobility Global;41345
4;Darlene_Huels38@yahoo.com;vertical;51343;Refined project Bulgarian;port Strategist;Tala national;Account Research;Alabama panel;37058;Armenian Multi-lateral;AGP;66804
5;Justina40@yahoo.com;indexing online;86250;Minnesota;Wooden Administrator SMTP;orchestrate Supervisor Small;Chips one-to-one monitor;aggregate Place back-end;75753;asynchronous Customer-focused;Networked eyeballs;71668
6;Karson_Rippin@yahoo.com;Balanced transmit Pennsylvania;54017;Tasty Handmade bypass;dot-com CSS;Avon Soft Oregon;Peso Knolls frictionless;Account;84218;capacitor;Handcrafted Card;18043
7;Mohamed_Gerhold69@yahoo.com;Cheese;76778;fuchsia virtual;silver;Station Music;Division Arizona;capacitor Borders architect;70354;reintermediate Japan;Denar;24085
8;Adele.Rau61@gmail.com;Keyboard District;99483;Usability program payment;Market Wooden;Berkshire recontextualize Table;Monetary real-time Avon;Kids Handcrafted;71939;Brand Buckinghamshire;Garden;3476
9;Henri33@yahoo.com;Lead;1436;Cambridgeshire Visionary;digital Electronics;Sleek Bike;system;Bacon;91308;Paraguay Berkshire;bypass;49294
10;Emmanuelle_Parisian@gmail.com;Horizontal;30633;Fork Philippines applications;Usability;pixel;Versatile Colorado process;Sleek orchid Wooden;57236;microchip;neural Palladium Qatari;60501
